{"acc": 0.9324163135575244, "loss": 0.08942758586946914, "_timestamp": 1747195954.432897, "_runtime": 0.8199989795684814, "_step": 7, "_wandb": {"runtime": 0}}